"YSSY",
"VVCI",
"RJBB",
"LFMA",
"VMMC",
"WSAC",
"ZGSZ",
"VTBS",
"OMDB",
"YBBN",
"VHHH",
"UMMS",
"EHAM",
"WIDD",
"KHIO",
"KSAT",
"OMSJ",
"KMCC",
"LTBA",
"KLAX",
"KJFK",
"VAID",
"EHRD",
"EDDF",
"EDDM",
"EDMS",
"EDMY",
"LSZL",
"LSZA",
"ESSB",
"LIPX",
"LIRF",
"RPLL",
"RJTT",
"KIGX",
"KPOB",
"LEBL",
"LFQE",
"LFCS",
"EGLD",
"EGPD",
"LOWW",
"LPPR",
"EHST",
"LSPL",
"LTFM",
"YBTH",
"CARK",
"FACT",
"EHMZ",
"EDSZ",
"EDTM",
"EDNY",
"EDMF",
"EIDW",
"VTBD",
"YMML",
"LIMB",
"UUWW",
"EGKK",
"LKSK",
"EDCJ",
"EDDH",
"EBAM",
"LGAV",
"LKPR",
"EKCH",
"SAEZ",
"OBBI",
"LFPG",
"LFLI",
"LFQQ",
"EGKB",
"EDMN",
"EDMK",
"LIPB",
"13AZ",
"KENW",
"MGGT",
"LFGL",
"LPPT",
"EDTX",
"LEMH",
"KMSY",
"EDBF",
"WMKK",
"YYEA",
"KPHX",
"LFQC",
"EGCC",
"EDKB",
"RJBE",
"EDDL",
"LSZB",
"EDBQ",
"EDHF",
"ENGK",
"VNKT",
"VILK",
"KINT",
"KSDF",
"OTBD",
"EGLL",
"EBBR",
"VIDP",
"YBCG",
"LFPF",
"EDDC",
"EYVP",
"LIML",
"LFMN",
"LECO",
"LSZR",
"EKRN",
"ENJB",
"LSGG",
"EDFZ",
"ESSA",
"KAPC",
"LFHC",
"EGPF",
"EDJG",
"EDVA",
"RKSI",
"RPUL",
"RJNA",
"YNSH",
"PANC",
"LFPO",
"EGHC",
"EGHE",
"EDBM",
"ESML",
"RJFF",
"DAOO",
"LEIB",
"LFBH",
"EGXG",
"LBSF",
"LFME",
"EDDB",
"EDTD",
"LJLJ",
"LSZT",
"FALA",
"LFHZ",
"EGHH",
"EGCB",
"LIRP",
"LTFJ",
"EDDN",
"VOBL",
"LILI",
"EGXY",
"EGNM",
"ETHB",
"ESSX",
"EIKN",
"RKSS",
"RJTO",
"RJTF",
"CNP8",
"LOWG",
"LFPB",
"LFML",
"LDZA",
"AK01",
"LFRS",
"LKBA",
"ETNN",
"LIME",
"OMAD",
"LIRQ",
"LEMU",
"LFPL",
"EKAH",
"EDDG",
"EDNA",
"LSGC",
"LIMC",
"OTHH",
"LELL",
"EPPL",
"LPAZ",
"EDFE",
"EGPH",
"KOAK",
"LFCD",
"LOLW",
"EPRG",
"LECU",
"EDBA",
"YBWW",
"KCLT",
"LIRA",
"KADS",
"ENHD",
"YPJT",
"EDQG",
"LEPA",
"EDMA",
"LFGG",
"EGTK",
"EYPA",
"EGJJ",
"EDXH",
"EDXB",
"EDFK",
"LYBE",
"RKPK",
"WIPA",
"KORK",
"LFDQ",
"LFXU",
"EDSB",
"LSZM",
"LZTR",
"LSZH",
"YMUL",
"YGLB",
"KDAL",
"KBFI",
"UWLW",
"LEAL",
"EGHR",
"EDJA",
"LPCS",
"EDNL",
"RJAA",
"KSJC",
"SABE",
"LFSH",
"LFPN",
"LLHA",
"WMKJ",
"RJAN",
"LILG",
"LFMP",
"EGSV",
"EG32",
"LFTZ",
"EHTE",
"EDDK",
"DAAG",
"LSGB",
"EGSS",
"EDLE",
"LIPQ",
"EGNX",
"RCSS",
"KMIA",
"CYUL",
"CYXU",
"LOIK",
"EBST",
"LFLS",
"EDKA",
"LSTZ",
"LEMD",
"YSCB",
"KSEA",
"7NC9",
"LEZL",
"LFFQ",
"EBMO",
"LCEN",
"EPMO",
"VHSK",
"RJOO",
"YPPH",
"LFDL",
"EGHF",
"EETN",
"ENGM",
"EVRA",
"LSZG",
"KSEE",
"LIPH",
"EDPW",
"LIPE",
"KBKL",
"EGDJ",
"LHBP",
"LOAN",
"EGHI",
"KFDK",
"LOLF",
"EDGJ",
"BKPR",
"KHOU",
"NZWN",
"EBAV",
"EHDB",
"EPWA",
"OKBK",
"LFBO",
"EGUW",
"EPBY",
"EPLS",
"EDVE",
"9NC9",
"LEMG",
"RKUC",
"KRIC",
"LKRO",
"EDRK",
"KONT",
"LFDB",
"EFHK",
"EDVR",
"VECC",
"VVGL",
"5MN0",
"EGAA",
"EKVD",
"LIPV",
"YRTI",
"KTRI",
"68WA",
"EDFY",
"LIPF",
"LKSZ",
"VEBA",
"CKL2",
"CYWG",
"FAOR",
"EGNS",
"LOAV",
"EKRK",
"EPKT",
"EDLS",
"EDXE",
"EDKR",
"EDRY",
"EGSQ",
"EPPO",
"KEMT",
"KRIR",
"LKMT",
"EDXK",
"EDMI",
"LSZN",
"WMSA",
"EPKN",
"EDBW",
"EDQW",
"ESSN",
"EHEH",
"KMQY",
"KATL",
"LJPZ",
"ESNZ",
"NZCH",
"LSGR",
"EBCI",
"FABA",
"EDLM",
"VGZR",
"VTCC",
"KSFO",
"LFBD",
"LSPU",
"WBKK",
"NZAA",
"KLOU",
"CYEG",
"EFIM",
"EKVB",
"LCLK",
"EDAZ",
"EGGW",
"KMCO",
"LFOR",
"LPEV",
"EDMT",
"EDMQ",
"EDFM",
"EDLW",
"EDNC",
"KHEF",
"KRDG",
"PAEN",
"4SD4",
"EDLT",
"YPAD",
"EGBB",
"EDNP",
"EDGB",
"YBOK",
"YBMC",
"EDDP",
"EDKD",
"EDFW",
"VOMM",
"PHMK",
"LFQD",
"EDWF",
"LFRK",
"YSCN",
"LOAU",
"LFTW",
"EDSW",
"KRAL",
"KTPF",
"FL16",
"LFCL",
"EGAC",
"EGGD",
"LPCB",
"LKSB",
"RPLC",
"EGMJ",
"LESB",
"EDWI",
"EDVM",
"RJOS",
"EGXW",
"EKBI",
"EPPK",
"EDQD",
"EHTW",
"KANE",
"EDQX",
"LSGL",
"GA94",
"WA30",
"EDDS",
"EDNH",
"ESGG",
"KSLC",
"EGSC",
"LKVY",
"LOWI",
"YPDN",
"LFPP",
"EGLK",
"LPSO",
"ENBR",
"ENKJ",
"EDLQ",
"KDEN",
"ETAR",
"EGPE",
"LGKO",
"EPKP",
"LKHN",
"EGTF",
"ESVQ",
"WMKP",
"VOTX",
"EGJA",
"LZPE",
"EKYT",
"LPFR",
"YMND",
"KRLD",
"LFLU",
"EDTQ",
"UWWW",
"LELC",
"LFEF",
"LOWZ",
"EEKA",
"EDCX",
"KNIP",
"LFPE",
"EGNT",
"LKKB",
"EDDW",
"EDWQ",
"LIDF",
"LIDR",
"LFCH",
"EGBO",
"EGGP",
"ENFL",
"EDMW",
"YSPT",
"EDKM",
"MMTJ",
"LFEV",
"EGBT",
"EDQI",
"EDFU",
"37AZ",
"KCRP",
"LIPN",
"LILM",
"LSML",
"LSZU",
"LGRP",
"YWLM",
"15CL",
"KLAR",
"EFMI",
"EGLC",
"EDML",
"EDTH",
"LIBD",
"LIPD",
"EGYD",
"LGTT",
"LKKT",
"EDPT",
"EERE",
"LOWS",
"LFQL",
"LKLT",
"LIMP",
"EDLO",
"LWSK",
"LFPZ",
"EGTB",
"KCVG",
"KMML",
"LFQT",
"EPPR",
"KOSU",
"NZPM",
"EGMA",
"ENBM",
"EDFC",
"EFTP",
"LKKM",
"CYLW",
"LEST",
"EDPU",
"LSPV",
"LFTH",
"6MD4",
"EBSG",
"LOIH",
"07OR",
"LLBG",
"EGML",
"EGSH",
"EDTY",
"YCVS",
"SBVT",
"ENZV",
"EDEF",
"LFHS",
"LFGA",
"LFOB",
"EHGG",
"RJOA",
"0OK5",
"LFHV",
"EDFB",
"LIPZ",
"LFQJ",
"EGNV",
"EDRF",
"EDVK",
"EDGM",
"LEZG",
"YSRI",
"KGYR",
"LIDE",
"SBBR",
"EBAW",
"EPDE",
"EBZW",
"K3J7",
"LIPR",
"EINN",
"KPHL",
"3PA1",
"LIRZ",
"LIDU",
"LFOE",
"EGOW",
"EDCM",
"EDQF",
"LFLM",
"LFQO",
"EGCL",
"EGNJ",
"KMKE",
"EBGG",
"EBHN",
"EFJY",
"EPNL",
"EGLF",
"KTOB",
"LGEL",
"LKER",
"LKTB",
"LSPN",
"LFSN",
"LTFE",
"LFFB",
"EDSH",
"EDQC",
"CYVR",
"LFKE",
"EDHL",
"KDSM",
"KTNU",
"LIMA",
"EGBF",
"EGWN",
"EBSP",
"YPMQ",
"EBZU",
"EDWO",
"FL80",
"FD29",
"LFFX",
"LOLU",
"ENCN",
"LKBE",
"YBNA",
"ETHA",
"22OI",
"K1G5",
"LOWL",
"EDAQ",
"EDVI",
"EDLH",
"LIBP",
"EDGS",
"KLAS",
"EGHQ",
"LFMV",
"EKHG",
"KTEB",
"LKKC",
"EDHN",
"LSMM",
"EGHS",
"ETOU",
"EDRS",
"EPLL",
"YSBK",
"LFBN",
"KFFZ",
"EGLM",
"LFOZ",
"EGMF",
"EGNH",
"LFDG",
"EDMG",
"KORL",
"CYTZ",
"LFBT",
"KLWS",
"LFMD",
"EHOW",
"EDBE",
"LSZI",
"LEAM",
"EDHI",
"EPBC",
"KBWI",
"LILA",
"LE85",
"EGVP",
"KMGM",
"KPDX",
"SBGL",
"LIRU",
"LHUH",
"EDPD",
"EDPM",
"EDTG",
"EDTS",
"ETWM",
"YBUN",
"KMKC",
"UMKK",
"ESNM",
"LOIR",
"LFEZ",
"EDRX",
"KMYV",
"EGUY",
"EDNS",
"LSZV",
"ESMI",
"LESL",
"LFRV",
"LSZW",
"LKHC",
"KFOK",
"LFJR",
"EKFS",
"EDLN",
"RJNS",
"RCTP",
"LILO",
"RPLB",
"06NC",
"SBKP",
"SBGR",
"LFNG",
"LFSM",
"EGSM",
"EHHO",
"UWSS",
"VVVH",
"EDSN",
"RKRB",
"OMAA",
"LKRA",
"EDHO",
"EBGB",
"EBMB",
"UWKD",
"SKBO",
"KHFF",
"MPTO",
"LFQM",
"LFLL",
"RJGG",
"LA42",
"EDOV",
"EDAI",
"WMKB",
"RJAH",
"RCAY",
"YMEN",
"LGMG",
"LRBS",
"WSSS",
"YBDG",
"4NC7",
"ELLX",
"EDCQ",
"RJSA",
"KHKY",
"EGHJ",
"KYIP",
"LJCE",
"YBAF",
"EYMO",
"EDKF",
"EDXY",
"81CA",
"LFCO",
"EGEL",
"EDPK",
"RJAK",
"OMRS",
"LFBP",
"EDXW",
"LFFW",
"LFNH",
"LQTZ",
"FAFO",
"EGWU",
"RKTU",
"CYZD",
"LOGW",
"LILR",
"LFDW",
"LZDV",
"GMFO",
"OERK",
"OMAS",
"LIMJ",
"EDNM",
"EIKY",
"EPSC",
"LPPD",
"RJCC",
"KMHR",
"LOIJ",
"EDQS",
"YDAY",
"KTVY",
"LIRH",
"KHQZ",
"EDGE",
"LFGB",
"EDXN",
"EDFJ",
"LSGK",
"67AR",
"LFIP",
"KOLM",
"EGFF",
"LFGC",
"LFGO",
"KSAN",
"EGCJ",
"EKGR",
"LSZP",
"LFGJ",
"EDLC",
"KYKM",
"KDTW",
"CJA2",
"LPPM",
"UGTB",
"LSGS",
"YSCH",
"LEVT",
"EBKT",
"EFHF",
"EDTF",
"LSPG",
"LFIS",
"LFRD",
"EGSW",
"LOKW",
"LGMK",
"PHNG",
"EGJB",
"KPOC",
"EDLV",
"KFTW",
"ESKN",
"RJCJ",
"EDLF",
"EPBD",
"ETNS",
"LFRB",
"EPGD",
"EPZB",
"LFGI",
"NC63",
"LICJ",
"RJCO",
"KFSD",
"LILE",
"KSFF",
"LIDG",
"EGBP",
"ESMH",
"EPKK",
"EDLB",
"LIRV",
"VV01",
"ENHA",
"EDHK",
"LROP",
"EDVU",
"ESCM",
"OMAM",
"KSPA",
"NZOH",
"LFLP",
"EDEN",
"RKPE",
"RJOT",
"YSEN",
"KFTK",
"EGCT",
"LFMU",
"RPLS",
"KXFL",
"LFRM",
"EDGZ",
"63PA",
"LIDW",
"LIPK",
"LJAJ",
"EDME",
"EDER",
"EDKO",
"KIMS",
"PHNL",
"NZDN",
"LFOI",
"LFHX",
"EKOD",
"EKSB",
"EDWR",
"EDLK",
"LFRG",
"LFMK",
"KCHA",
"KLAL",
"LKKA",
"EDTB",
"LJMB",
"EKSS",
"EDWG",
"CYXE",
"EDQM",
"EEKE",
"KLXL",
"SBSP",
"EHLE",
"EDFI",
"GA53",
"EPEL",
"LFAT",
"SDMC",
"ETSN",
"UGSB",
"VOBG",
"EGBM",
"EBCV",
"LERT",
"EPGL",
"LKJI",
"EDND",
"LSPM",
"CYYC",
"ESSG",
"FAKR",
"MMHO",
"LFDX",
"LFAX",
"83WA",
"EPMR",
"EDRT",
"EDLI",
"ETNL",
"KHEG",
"LFNF",
"LIMF",
"LIQL",
"LKMH",
"EDWH",
"YLIS",
"EGSF",
"EDFD",
"EENI",
"KIWA",
"7TE7",
"LSZC",
"KMOD",
"KAPA",
"EGBK",
"EFSE",
"YPLC",
"LOAG",
"LIPA",
"LKPS",
"EYSA",
"LEMP",
"LKKU",
"EGTA",
"RCMQ",
"KORD",
"KRWF",
"LIPL",
"LHGY",
"EDTZ",
"91OH",
"KEWR",
"NZMZ",
"LGSK",
"EFTU",
"LETF",
"LFRN",
"EGDD",
"LOXN",
"EFKY",
"LEMT",
"KC71",
"LTCG",
"KJQF",
"OR38",
"LFAS",
"RJTL",
"WBKD",
"YJNB",
"KGEG",
"EGPO",
"EDEQ",
"LFKY",
"LKCM",
"EGSR",
"LIAT",
"LRTR",
"KOKC",
"LFHP",
"LFIX",
"EYPR",
"AZ00",
"CCY4",
"LJPT",
"LOAS",
"4VA3",
"LFSD",
"EGXC",
"EKMN",
"EHSE",
"EPMM",
"LZDB",
"EBOS",
"OEDR",
"K9A1",
"RKD1",
"KFLL",
"EDNX",
"LIDT",
"LE84",
"EGNR",
"EDRZ",
"RJNG",
"EBBT",
"KOWA",
"LGSY",
"EGNF",
"VEPI",
"EGHP",
"PHNP",
"LFBE",
"EBNM",
"MMMX",
"KPRO",
"EGMD",
"EHTX",
"ULLI",
"LFHM",
"EDLD",
"FL58",
"35FA",
"LIPU",
"LW75",
"NZNR",
"EDMJ",
"PAMR",
"67OH",
"42OH",
"LFLY",
"EGNW",
"LOLO",
"LIEA",
"KIGM",
"LFPA",
"EPCE",
"LIQW",
"YSMB",
"EDDV",
"ESMS",
"OMDW",
"EGHB",
"EYVI",
"LFCV",
"EDMB",
"LJVE",
"KAUS",
"EDOI",
"EGTE",
"EGTC",
"LSGE",
"KJYO",
"EGUD",
"KMDQ",
"KBDN",
"3KS1",
"EGOE",
"UUEE",
"EDOE",
"EPKW",
"CL56",
"LKZN",
"77KY",
"19NC",
"NC34",
"LSZQ",
"YMLD",
"KSMF",
"LKHK",
"KMTN",
"LFOU",
"LIDB",
"LICB"